titulo;precio;esb2b;business_Score;transporte;marca;url;categoria;fecha
TABLEAU ÉLECTRIQUE LEGRAND 4 RANGÉE ÉQUIPÉ ET PRÉ CABLÉ ( LEG4R) PORTE OFFERTE;489;FALSE;13.455.641.916;9;legrand;https://www.manomano.fr/catalogue/p/tableau-electrique-legrand-4-rangee-equipe-et-pre-cable-leg4r-porte-offerte-26113678?model_id=26094569;cuadros;14/12/2020
TABLEAU ÉLECTRIQUE HAGER 4 RANGÉE ÉQUIPÉ ET PRÉ CABLÉ (HAG4R) PORTE OFFERTE;389;FALSE;13.360.652.428;;siemens;https://www.manomano.fr/catalogue/p/tableau-electrique-hager-4-rangee-equipe-et-pre-cable-hag4r-porte-offerte-26113691?model_id=26094582;cuadros;14/12/2020
Tableau électrique pré-équipé 1 rangée 13 modules 1 ID + 6 disjoncteurs NALTO;48.9;FALSE;13.038.967.006;;legrand;https://www.manomano.fr/catalogue/p/tableau-electrique-pre-equipe-nalto-1-rangee-1-id-6-disjoncteurs-13980778;cuadros;14/12/2020
CONNECTEUR CBS/CT 25 MICHAUD K322;4.73;FALSE;0.865387311;;siemens;https://www.manomano.fr/catalogue/p/connecteur-cbs-ct-25-michaud-k322-7673539;cuadros;14/12/2020
Legrand 093065 Essentiel Spécial Tableau Électrique Équipé pour Logement;219;FALSE;0.853696602;;hager;https://www.manomano.fr/catalogue/p/legrand-093065-essentiel-special-tableau-electrique-equipe-pour-logement-25566795?model_id=25547687;cuadros;14/12/2020
Legrand 093068 Essentiel Spécial Tableau Électrique Équipé pour Logement T5;429;FALSE;0.80610185;;siemens;https://www.manomano.fr/catalogue/p/legrand-093068-essentiel-special-tableau-electrique-equipe-pour-logement-t5-22796946?model_id=22787199;cuadros;14/12/2020
Legrand 093057 Essentiel Spécial Tableau Électrique Équipé pour Logement T4;289;FALSE;0.582039737;9.9;nalto;https://www.manomano.fr/catalogue/p/legrand-093057-essentiel-special-tableau-electrique-equipe-pour-logement-t4-25566797?model_id=25547689;cuadros;14/12/2020
HAGER Gamma Tableau électrique prééquipé 1 rangée 1ID 40A 6 disjoncteurs;99;FALSE;0.561560563;;siemens;https://www.manomano.fr/catalogue/p/hager-gamma-tableau-electrique-preequipe-1-rangee-1id-40a-6-disjoncteurs-25566810?model_id=25547702;cuadros;14/12/2020
Coffret électrique 2 rangées 26 modules - Idéal T1/T2 - Thomson;126.99;FALSE;0.49570001;9.99;michaud;https://www.manomano.fr/catalogue/p/coffret-electrique-pre-equipe-pour-t1-t2-t3-t4-ou-t5-12276959?model_id=15304451;cuadros;14/12/2020
SERRURE RECTANGULAIRE POUR S20 MICHAUD N037;3.78;FALSE;0.44084692;9;legrand;https://www.manomano.fr/catalogue/p/serrure-rectangulaire-pour-s20-michaud-n037-7673564;cuadros;14/12/2020
Legrand 093067 Essentiel Spécial Tableau Électrique Équipé pour Logement T4;329;FALSE;0.420882924;9;legrand;https://www.manomano.fr/catalogue/p/legrand-093067-essentiel-special-tableau-electrique-equipe-pour-logement-t4-25566791?model_id=25547683;cuadros;14/12/2020
Coffret Multimédia Basique avec brassage équipé et précâblé 4 prises RJ45;129.44;FALSE;0.414439449;9;legrand;https://www.manomano.fr/catalogue/p/coffret-multimedia-legrand-basique-avec-brassage-equipe-et-precable-4-prises-rj-45-55275?model_id=477010;cuadros;14/12/2020
Legrand 093059 Essentiel Spécial Tableau Électrique Équipé pour Logement T6. Blanc;379;FALSE;0.404909591;5;hager;https://www.manomano.fr/catalogue/p/legrand-093059-essentiel-special-tableau-electrique-equipe-pour-logement-t6-blanc-25566798?model_id=25547690;cuadros;14/12/2020
HAGER Gamma Tableau électrique prééquipé 4 rangées 2ID 40A 2ID 63A 14 disjoncteurs;319;FALSE;0.279162016;;thomson;https://www.manomano.fr/catalogue/p/hager-gamma-tableau-electrique-preequipe-4-rangees-2id-40a-2id-63a-14-disjoncteurs-25566818?model_id=25547710;cuadros;14/12/2020
TABLEAU ÉLECTRIQUE HAGER 1 RANGÉE ÉQUIPÉ ( PORTE OFFERTE );119;FALSE;0.266513041;9.99;michaud;https://www.manomano.fr/catalogue/p/tableau-electrique-hager-1-rangee-equipe-porte-offerte-26850661?model_id=26831552;cuadros;14/12/2020
SIEMENS - Tableau électrique pré-équipé 1 rangée 13 modules 6 disjoncteurs 1 interrupteur différentiel;99;FALSE;0.178877837;9;legrand;https://www.manomano.fr/catalogue/p/siemens-tableau-electrique-pre-equipe-1-rangee-13-modules-6-disjoncteurs-1-interrupteur-differentiel-1950812;cuadros;14/12/2020
Legrand 093061 Tableau électrique équipé - spécial pour extension cuisine / cellier;109;FALSE;0.176086485;5;legrand;https://www.manomano.fr/catalogue/p/legrand-093061-tableau-electrique-equipe-special-pour-extension-cuisine-cellier-25566800?model_id=25547692;cuadros;14/12/2020
TABLEAU ÉLECTRIQUE LEGRAND 1 RANGÉE ÉQUIPÉ ET PRÉ CABLÉ ( LEG1R) PORTE OFFERTE;159;FALSE;0.163019393;9;legrand;https://www.manomano.fr/catalogue/p/tableau-electrique-legrand-1-rangee-equipe-et-pre-cable-leg1r-porte-offerte-26113684?model_id=26094575;cuadros;14/12/2020
HAGER TN425 Coffret VDI 2 rangées 26 modules + platine Grade 3TV;290.89;FALSE;0.152792319;9;hager;https://www.manomano.fr/catalogue/p/coffret-vdi-hager-semi-equipe-2r-26m-pl-gr1-55317;cuadros;14/12/2020
CONNECTEUR CES/CT 70 G2 MICHAUD K326;3.99;FALSE;0.151763481;7.95;hager;https://www.manomano.fr/catalogue/p/connecteur-ces-ct-70-g2-michaud-k326-7673541;cuadros;14/12/2020
Tableau électrique équipé spécial pour extension chambre (093060);126.92;FALSE;0.151089564;;siemens;https://www.manomano.fr/catalogue/p/legrand-tableau-electrique-equipe-precable-special-pour-extension-chambre-3665239;cuadros;14/12/2020
Module de brassage RJ45 catégorie6A STP 1 module (413004);16.37;FALSE;0.148446354;5;legrand;https://www.manomano.fr/catalogue/p/module-brassage-rj45-categorie-6a-stp-legrand-413004-4826195;cuadros;14/12/2020
PA 25 MICHAUD K307;0.97;FALSE;0.147293144;9;legrand;https://www.manomano.fr/catalogue/p/pa-25-michaud-k307-26088616?model_id=26069507;cuadros;14/12/2020
Embouts x2 ebcp 35/25 1 noir +;23.19;FALSE;0.14143965;9;hager;https://www.manomano.fr/catalogue/p/embouts-x2-ebcp-35-25-1-noir-9005720;cuadros;14/12/2020
TABLEAU ÉLECTRIQUE HAGER 3 RANGÉE ÉQUIPÉ ET PRÉ CABLÉ (HAG3RBIS) PORTE OFFERTE;289;FALSE;0.14126294;9.99;michaud;https://www.manomano.fr/catalogue/p/tableau-electrique-hager-3-rangee-equipe-et-pre-cable-hag3rbis-porte-offerte-26113695?model_id=26094586;cuadros;14/12/2020
TABLEAU ÉLECTRIQUE HAGER 2 RANGÉE ÉQUIPÉ ET PRÉ CABLÉ (HAG2R) PORTE OFFERTE;209;FALSE;0.14124494;6.88;legrand;https://www.manomano.fr/catalogue/p/tableau-electrique-hager-2-rangee-equipe-et-pre-cable-hag2r-porte-offerte-26113696?model_id=26094587;cuadros;14/12/2020
Tableau Électrique en Saillie IP65  5 -  5;14.39;FALSE;0.138724159;1.99;legrand;https://www.manomano.fr/catalogue/p/tableau-electrique-en-saillie-ip65-12-6235451;cuadros;14/12/2020
Coffret électrique nu à équiper 13 modules - Thomson;18.9;FALSE;0.138631279;3.99;michaud;https://www.manomano.fr/catalogue/p/n-a-7717015?model_id=12277003;cuadros;14/12/2020
SERRURE TRIANGLE 1/2 TR BEIGE MICHAUD N003;2.86;FALSE;0.137995794;3.99;CAHORS;https://www.manomano.fr/catalogue/p/serrure-triangle-1-2-tr-beige-michaud-n003-7673560;cuadros;14/12/2020
Tableau électrique  pré équipé 3 rangées 39 modules 4ID + 13 disjoncteurs NALTO;142;FALSE;0.135962189;;hager;https://www.manomano.fr/catalogue/p/tableau-pre-equipe-nalto-3-rangees-13980782;cuadros;14/12/2020
HAGER Gamma Tableau électrique prééquipé 3 rangées 3ID 63A 12 disjoncteurs;259;FALSE;0.135239878;;hager;https://www.manomano.fr/catalogue/p/hager-gamma-tableau-electrique-preequipe-3-rangees-3id-63a-12-disjoncteurs-25566815?model_id=25547707;cuadros;14/12/2020
Coffret pré-équipé 2R 24 modules avec 2 Inter diff 40A 30mA + 7 disjoncteurs pour studio IP20 IRM165531 ABB 1SLM004170A3005;112.52;FALSE;0.135143501;7.95;LEDKIA;https://www.manomano.fr/catalogue/p/coffret-pre-equipe-2r-24-modules-avec-2-inter-diff-40a-30ma-7-disjoncteurs-pour-studio-ip20-irm165531-abb-1slm004170a3005-15642571;cuadros;14/12/2020
HAGER Gamma Tableau électrique prééquipé 3 rangées 3ID 40A 10 disjoncteurs;229;FALSE;0.135031416;4;thomson;https://www.manomano.fr/catalogue/p/hager-gamma-tableau-electrique-preequipe-3-rangees-3id-40a-10-disjoncteurs-25566814?model_id=25547706;cuadros;14/12/2020
CARTOUCHE FUSIBLE T00 AD90 MICHAUD P244;9.07;FALSE;0.134916034;9.99;michaud;https://www.manomano.fr/catalogue/p/cartouche-fusible-t00-ad90-michaud-p244-18960056?model_id=18958058;cuadros;14/12/2020
SIEMENS - Tableau électrique pré-équipé 2 rangées 26 modules 8 disjoncteurs 2 interrupteurs différentiels + prise 2P+T;169;FALSE;0.13281268;9.9;nalto;https://www.manomano.fr/catalogue/p/siemens-tableau-electrique-pre-equipe-2-rangees-26-modules-8-disjoncteurs-2-interrupteurs-differentiels-prise-2p-t-1950810;cuadros;14/12/2020
Tableau électrique pré-équipé DRIVIA 1 rangee;145.95;FALSE;0.132638619;9;hager;https://www.manomano.fr/catalogue/p/tableau-electrique-pre-equipe-drivia-1-rangee-293778;cuadros;14/12/2020
PINCE D'ANCRAGE AVEC ANSE - PA 25 MICHAUD K307;3.54;FALSE;0.132138808;7.49;abb;https://www.manomano.fr/catalogue/p/pince-dancrage-avec-anse-pa-25-michaud-k307-18959927?model_id=18957929;cuadros;14/12/2020
Tableau électrique pré-équipé 1 rangee 4 disjoncteurs;99;FALSE;0.132097007;9;hager;https://www.manomano.fr/catalogue/p/tableau-electrique-pre-equipe-1-rangee-4-disjoncteurs-841088;cuadros;14/12/2020
HAGER Gamma Tableau électrique prééquipé 2 rangées 2ID 40A 7 disjoncteurs;159;FALSE;0.132036392;9.99;michaud;https://www.manomano.fr/catalogue/p/hager-gamma-tableau-electrique-preequipe-2-rangees-2id-40a-7-disjoncteurs-25566812?model_id=25547704;cuadros;14/12/2020
Coffret chauffe-eau + 1 disj. 2A+ 1 disj. 20A + 1 contacteur Jour/Nuit - Zenitech;55.99;FALSE;0.131959723;;siemens;https://www.manomano.fr/catalogue/p/coffret-chauffe-eau-1-disjoncteur-2a-1-disjoncteur-20a-1-contacteur-jour-nuit-1827116;cuadros;14/12/2020
Tableau équipé 4 rangées HAGER (KIT4R);319;FALSE;0.131857456;7.05;legrand;https://www.manomano.fr/catalogue/p/tableau-equipe-4-rangees-hager-kit4r-26850651?model_id=26831542;cuadros;14/12/2020
TAMC EXTENS-1R-ID40A-AC -5DISJ;163.1;FALSE;0.131701733;9.99;michaud;https://www.manomano.fr/catalogue/p/schneider-electric-tableau-equipe-et-precable-1-rangee-13-modules-6508518;cuadros;14/12/2020
Michaud P238 Barrette de sectionnement 115 mm;10.14;FALSE;0.13169458;5.55;legrand;https://www.manomano.fr/catalogue/p/barrette-de-sectionnement-115-mm-michaud-p238-7673590;cuadros;14/12/2020
CONNECTEUR CBS/CT 70 MICHAUD K323;4.67;FALSE;0.026826229;5;hager;https://www.manomano.fr/catalogue/p/connecteur-cbs-ct-70-michaud-k323-7673540;cuadros;14/12/2020
TABLEAU ÉLECTRIQUE LEGRAND 2 RANGÉE ÉQUIPÉ ET PRÉ CABLÉ ( LEG2R) PORTE OFFERTE;269;FALSE;0.02514432;;zenitech;https://www.manomano.fr/catalogue/p/tableau-electrique-legrand-2-rangee-equipe-et-pre-cable-leg2r-porte-offerte-26113682?model_id=26094573;cuadros;14/12/2020
Coffret électrique pré-équipé 1 rangée 13 modules - Thomson;83.99;FALSE;0.016581033;;hager;https://www.manomano.fr/catalogue/p/coffret-electrique-pre-equipe-1-rangee-thomson-12276968;cuadros;14/12/2020
Coffret de communication - Coffret VDI 2 rangées 26 modules Grade 3TV (TN415);199.74;FALSE;0.010405215;;SCHNEIDER;https://www.manomano.fr/catalogue/p/coffret-vdi-2r-26m-gr3-6472451;cuadros;14/12/2020
Coffret T4 39 modules Blanc équipé de 11 disjoncteurs et 3 inter. diff. livré avec accessoires - Zenitech;142.99;FALSE;0.009869711;4.55;michaud;https://www.manomano.fr/catalogue/p/coffret-t4-39-modules-blanc-equpe-de-11-disjoncteurs-et-3-inter-diff-livre-avec-accessoires-2936934;cuadros;14/12/2020
Legrand 093058 Essentiel Spécial Tableau Électrique Équipé pour Logement T5;299;FALSE;0.009611845;9.99;michaud;https://www.manomano.fr/catalogue/p/legrand-093058-essentiel-special-tableau-electrique-equipe-pour-logement-t5-25566796?model_id=25547688;cuadros;14/12/2020
HAGER Gamma Tableau électrique prééquipé 4 rangées 4ID 40A 14 disjoncteurs;299;FALSE;0.009594314;;legrand;https://www.manomano.fr/catalogue/p/hager-gamma-tableau-electrique-preequipe-4-rangees-4id-40a-14-disjoncteurs-25566817?model_id=25547709;cuadros;14/12/2020
TABLEAU ÉLECTRIQUE LEGRAND 3 RANGÉE ÉQUIPÉ ET PRÉ CABLÉ ( LEG3R) PORTE OFFERTE;339;FALSE;0.009516845;;thomson;https://www.manomano.fr/catalogue/p/tableau-electrique-legrand-3-rangee-equipe-et-pre-cable-leg3r-porte-offerte-26113680?model_id=26094571;cuadros;14/12/2020
Coffret pré-équipé 4R avec protections + platine disjoncteur EDF 15-45A 500mA pour T3 avec chauffage électrique ABB 2412199;452.92;FALSE;0.007583517;6.88;hager;https://www.manomano.fr/catalogue/p/coffret-pre-equipe-4r-avec-protections-platine-disjoncteur-edf-15-45a-500ma-pour-t3-avec-chauffage-electrique-abb-2412199-15642551;cuadros;14/12/2020
Embouts x2 ebcp 35/16 1 noir +;20.25;FALSE;0.007329735;;zenitech;https://www.manomano.fr/catalogue/p/embouts-x2-ebcp-35-16-1-noir-9005786;cuadros;14/12/2020
Coffret T5 39 modules Blanc équipé de 13 disjoncteurs et 3 inter. diff. livré avec accessoires - Zenitech;141.99;FALSE;0.00732952;9;legrand;https://www.manomano.fr/catalogue/p/coffret-t5-39-modules-blanc-equpe-de-13-disjoncteurs-et-3-inter-diff-livre-avec-accessoires-2936935;cuadros;14/12/2020
CONNECTEUR CBS/CT 150 MICHAUD K324;4.89;FALSE;0.006991376;9;hager;https://www.manomano.fr/catalogue/p/connecteur-cbs-ct-150-michaud-k324-18803343?model_id=18801345;cuadros;14/12/2020
SIEMENS - Tableau électrique pré-équipé 2 rangées 26 modules 8 disjoncteurs 2 interrupteurs différentiels NFC 15-100;169;FALSE;0.006918053;;siemens;https://www.manomano.fr/catalogue/p/siemens-tableau-electrique-pre-equipe-2-rangees-26-modules-8-disjoncteurs-2-interrupteurs-differentiels-nfc-15-100-3035424;cuadros;14/12/2020
Coffret pré-câblé 2 rangées - HQ215796 / ABB;166.85;FALSE;0.00633496;;abb;https://www.manomano.fr/catalogue/p/coffret-pre-cable-2-rangees-hq215796-abb-8616437;cuadros;14/12/2020
Tableau électrique Pré-Câblé 1 rangée - Rénovation / Schneider;167.99;FALSE;0.004412074;;SCHNEIDER;https://www.manomano.fr/catalogue/p/tableau-electrique-pre-cable-1-rangee-renovation-schneider-12552182;cuadros;14/12/2020
Tableau electrique Pré Cablé Schneider Electric surface supérieur a 100 m2 (T6 et plus);482.99;FALSE;0.004334208;;SCHNEIDER;https://www.manomano.fr/catalogue/p/tableau-electrique-pre-cable-schneider-surface-superieur-a-100-m2-t6-et-plus-187219;cuadros;14/12/2020
Coffret pré-équipé 4R avec protections + platine disjoncteur EDF 15-45A 500mA pour T1/T2 sans chauffage électrique ABB 2410482;396.19;FALSE;0.00422009;;abb;https://www.manomano.fr/catalogue/p/coffret-pre-equipe-4r-avec-protections-platine-disjoncteur-edf-15-45a-500ma-pour-t1-t2-sans-chauffage-electrique-abb-2410482-15642553;cuadros;14/12/2020
Tableau Électrique Pré Câblé 1 rangée NF NALTO 1 ID + 5 Disjoncteurs;73.5;FALSE;0.004159765;9.9;nalto;https://www.manomano.fr/catalogue/p/tableau-electrique-pre-cable-1-rangee-nf-nalto-1-id-5-disjoncteurs-17131039?model_id=17130856;cuadros;14/12/2020
Tableau équipé 3 rangées (KIT3RT5);317.99;FALSE;0.003943568;;legrand;https://www.manomano.fr/catalogue/p/legrand-leg93010-tableau-pre-equipe-3-rangees-804308;cuadros;14/12/2020
Tableau équipé 1 Rangée LEGRAND (KIT1R);127.26;FALSE;0.003830241;6.88;legrand;https://www.manomano.fr/catalogue/p/tableau-equipe-1-rangee-legrand-4412923;cuadros;14/12/2020
Coffret VDI Hager semi-équipé 2R-26M. Gr.3;199.4;FALSE;0.003767457;;hager;https://www.manomano.fr/catalogue/p/coffret-vdi-hager-semi-equipe-2r-26m-gr1-55315;cuadros;14/12/2020
MANCHON DEMONTABLE PERF.6-50M DENUD.6-50M MICHAUD K092;12.05;FALSE;0.003605345;9.99;michaud;https://www.manomano.fr/catalogue/p/manchon-demontable-perf6-50m-denud6-50m-michaud-k092-7673522;cuadros;14/12/2020
Coffret électrique 2 rangées prééquipé 8 disj. auto et 2 inter. diff. - Thomson;103.99;FALSE;0.003530732;;thomson;https://www.manomano.fr/catalogue/p/coffret-electrique-2-rangees-preequipe-8-disj-auto-et-2-inter-diff-thomson-11019081;cuadros;14/12/2020
Tableau de commande automatique de chauffe-eau - 2 disjoncteurs + 1 contacteur;113.6;FALSE;0.003488008;;legrand;https://www.manomano.fr/catalogue/p/tableau-equipe-chauffe-eau-164266;cuadros;14/12/2020
Coffret pré-équipé 4R avec protections + platine disjoncteur EDF 15-45A 500mA pour T4/T5 avec chauffage électrique ABB 2412671;471.83;FALSE;0.003464011;;abb;https://www.manomano.fr/catalogue/p/coffret-pre-equipe-4r-avec-protections-platine-disjoncteur-edf-15-45a-500ma-pour-t4-t5-avec-chauffage-electrique-abb-2412671-15642552;cuadros;14/12/2020
BORNE CIBE NUE ERDF MICHAUD N168;85.96;FALSE;0.00343788;9.99;michaud;https://www.manomano.fr/catalogue/p/borne-cibe-nue-erdf-michaud-n168-2497445;cuadros;14/12/2020
Michaud P240 - NEUTRE COUTEAU TAILLE 00;8.51;FALSE;0.003402768;4.1;michaud;https://www.manomano.fr/catalogue/p/michaud-p240-neutre-couteau-taille-00-3901084;cuadros;14/12/2020
Coffret T1/T2 26 modules Blanc équpé de 8 disjoncteurs et 2 inter. diff. livré avec accessoires - Zenitech;112.99;FALSE;0.003377856;;zenitech;https://www.manomano.fr/catalogue/p/coffret-t1-t2-26-modules-blanc-equpe-de-8-disjoncteurs-et-2-inter-diff-livre-avec-accessoires-2936929;cuadros;14/12/2020
HAGER Coffret VDI basique semi-équipé 2R-20M. Gr.1 (TN402);99;FALSE;0.003351788;7;hager;https://www.manomano.fr/catalogue/p/coffret-vdi-hager-basique-semi-equipe-2r-20m-gr1-55316;cuadros;14/12/2020
TABLEAU ÉLECTRIQUE HAGER 3 RANGÉE ÉQUIPÉ ET PRÉ CABLÉ (HAG3R) PORTE OFFERTE;309;FALSE;0.003348859;;hager;https://www.manomano.fr/catalogue/p/tableau-electrique-hager-3-rangee-equipe-et-pre-cable-hag3r-porte-offerte-26113693?model_id=26094584;cuadros;14/12/2020
HAGER Gamma Tableau électrique prééquipé 1 rangée 1ID 63A 6 disjoncteurs;109;FALSE;0.003347328;5;hager;https://www.manomano.fr/catalogue/p/hager-gamma-tableau-electrique-preequipe-1-rangee-1id-63a-6-disjoncteurs-25566811?model_id=25547703;cuadros;14/12/2020
TROUSSE 4 EBCP 6-35/16 3N+1B L190 MICHAUD P673;28.25;FALSE;0.003346481;9.99;michaud;https://www.manomano.fr/catalogue/p/trousse-4-ebcp-6-35-16-3n-1b-l190-michaud-p673-18960087?model_id=18958089;cuadros;14/12/2020
Coffret Chauffe-Eau Pré-cablé 4 modules NALTO;41.5;FALSE;0.003319649;9.9;nalto;https://www.manomano.fr/catalogue/p/coffret-chauffe-eau-pre-cable-4-modules-nalto-17026230?model_id=17026047;cuadros;14/12/2020
Coffret de communication (sans répartiteur) Basique Grade 2 TV - 18 modules / Legrand;112.25;FALSE;0.003256213;3.99;legrand;https://www.manomano.fr/catalogue/p/coffret-vdi-basique-4-rj45-stp-drivia18-legrand-418247-3813886;cuadros;14/12/2020
Chargeur 2 prises usb 2x500ma OTIO 510002;15.5;FALSE;0.00323301;9.99;otio;https://www.manomano.fr/catalogue/p/coffret-12-modules-blanc-equipe-177517?model_id=2010050;cuadros;14/12/2020
Tableau pré câblé General Electric 9 disj. et 2 interrupteurs diff;159.59;FALSE;0.003142077;10.2;GE ÉVOLUE EN AEG;https://www.manomano.fr/catalogue/p/tableau-pre-cable-general-electric-9-disjoncteurs-et-2-id-1076735;cuadros;14/12/2020
COFFRET C/C BIPO 90A TAILLE 00 MICHAUD P053;31.51;FALSE;0.00313701;9.99;michaud;https://www.manomano.fr/catalogue/p/coffret-c-c-bipo-90a-taille-00-michaud-p053-7673569;cuadros;14/12/2020
Tableau équipé 4 Rangées LEGRAND (KIT4R);416.33;FALSE;0.001676791;;legrand;https://www.manomano.fr/catalogue/p/tableau-equipe-4-rangees-legrand-4412924;cuadros;14/12/2020
Tableau pré-équipé spécial T6;660;FALSE;0.000913992;;legrand;https://www.manomano.fr/catalogue/p/tableau-pre-equipe-special-t6-4581939;cuadros;14/12/2020
Tableau électrique équipé spécial pour extension cuisine-cellier (093061);214.63;FALSE;0.000867088;;legrand;https://www.manomano.fr/catalogue/p/coffret-equipe-pre-cable-drivia-4114218?model_id=3998625;cuadros;14/12/2020
Tableau electrique Pré Cablé Hager surface supérieur a 100 m2 (T6 et plus);509.25;FALSE;0.000847657;;hager;https://www.manomano.fr/catalogue/p/tableau-electrique-pre-cable-hager-surface-superieur-a-100-m2-t6-et-plus-187221;cuadros;14/12/2020
Tableau électrique pré équipé 2 rangées 26 modules 2ID + 7 disjoncteurs NALTO;76;FALSE;0.000754401;9.9;nalto;https://www.manomano.fr/catalogue/p/tableau-pre-equipe-nalto-2-rangees-13980780;cuadros;14/12/2020
Tableau électrique équipé spécial pour logement T5 (093058);453.59;FALSE;0.000739484;;legrand;https://www.manomano.fr/catalogue/p/legrand-leg93058-t5-essentiel-5964936;cuadros;14/12/2020
Tableau electrique Pré Cablé Schneider Electric surface entre 35 m2 et 100 m2 (T1bis et jusqu'à T5);367.49;FALSE;0.000646119;;SCHNEIDER;https://www.manomano.fr/catalogue/p/tableau-electrique-pre-cable-schneider-surface-entre-35-m2-et-100-m2-t1bis-et-jusqua-t5-187215;cuadros;14/12/2020
Tableau électrique pré-cablé Legrand complet Studio - T1 - T1bis jusqu'a 35m2;209.99;FALSE;0.000590514;;legrand;https://www.manomano.fr/catalogue/p/tableau-electrique-pre-cable-legrand-complet-studio-t1-t1bis-jusqua-35m2-1183076;cuadros;14/12/2020
Tableau electrique Pré Cablé Schneider Electric jusqu'a 35 m2 (T1 / T1bis);230.99;FALSE;0.000536577;;SCHNEIDER;https://www.manomano.fr/catalogue/p/tableau-electrique-pre-cable-hager-jusqua-35-m2-t1-t1bis-185535;cuadros;14/12/2020
Tableau électrique pré-équipé 3 rangées 39 modules 10 disjoncteurs 3 interrupteurs différentiels + prise 2P + T - SIEMENS;240.97;FALSE;0.000530409;;siemens;https://www.manomano.fr/catalogue/p/siemens-tableau-electrique-pre-equipe-3-rangees-39-modules-10-disjoncteurs-3-interrupteurs-differentiels-prise-2p-t-1950811;cuadros;14/12/2020
Tableau électrique pré-équipé 1 rangee;143.99;FALSE;0.000522711;7.05;legrand;https://www.manomano.fr/catalogue/p/tableau-electrique-pre-equipe-1-rangee-978176;cuadros;14/12/2020
Tableau électrique équipé spécial pour logement T4 (093057);466.11;FALSE;0.00051915;;legrand;https://www.manomano.fr/catalogue/p/tableau-electrique-equipe-special-pour-logement-t4-legrand-93057-4581937;cuadros;14/12/2020
Tableau électrique Pré-Câblé 3 rangées - Rénovation / Schneider;299.99;FALSE;0.000512441;;SCHNEIDER;https://www.manomano.fr/catalogue/p/tableau-electrique-pre-cable-3-rangees-renovation-schneider-12552184;cuadros;14/12/2020
Tableau électrique  pré-équipé 2 rangées 26 modules 3 ID + 10 Disjoncteurs NALTO;108;FALSE;0.000438533;9.9;nalto;https://www.manomano.fr/catalogue/p/tableau-pre-equipe-nalto-2-rangees-13980779;cuadros;14/12/2020
Tableau pré-équipé spécial T3;298.8;FALSE;0.000421849;7.05;legrand;https://www.manomano.fr/catalogue/p/legrand-tableau-electrique-equipe-precable-essentiel-special-pour-logement-t3-3354281;cuadros;14/12/2020
Tableau équipé 3 Rangées LEGRAND (KIT3R);416.33;FALSE;0.00039655;;legrand;https://www.manomano.fr/catalogue/p/tableau-equipe-3-rangees-legrand-4412922;cuadros;14/12/2020
COFFRET VDI PAP OPTIMUM AUTO DRIVIA18 LEGRAND 418264;1982.21;FALSE;0.000364058;;legrand;https://www.manomano.fr/catalogue/p/coffret-vdi-pap-optimum-auto-drivia18-legrand-418264-3813892;cuadros;14/12/2020
CLE DE MAINTIEN CBS/RDP MICHAUD K004;7.37;FALSE;0.000353387;9.99;michaud;https://www.manomano.fr/catalogue/p/cle-de-maintien-cbs-rdp-michaud-k004-18960195?model_id=18958197;cuadros;14/12/2020
Option chauffe-eau électrique pour tableau Hager complet;78.23;FALSE;0.000344514;3.99;hager;https://www.manomano.fr/catalogue/p/option-chauffe-eau-electrique-pour-tableau-hager-complet-187224;cuadros;14/12/2020
TAMC 2R XP ( ID 40A TYPE AC + ID 40A TYPE A + 7 DISJ);990.72;FALSE;0.000329403;100;schneider;https://www.manomano.fr/catalogue/p/tableau-electrique-resi9-pre-cable-2-rangees-13-modules-logement-t1-a-t3-9508915;cuadros;14/12/2020
Coffret Basique Grade 2 TV - TV sur RJ Ready - 413248 - Legrand;100.76;FALSE;0.000327823;6;legrand;https://www.manomano.fr/catalogue/p/coffret-basique-4rj45-stp-2tv-drivia13-legrand-413248-3855693;cuadros;14/12/2020
TROUSSE 2 EBCP 6-35/16 1N+1B L235 MICHAUD P648;14.64;FALSE;0.000327511;9.99;michaud;https://www.manomano.fr/catalogue/p/trousse-2-ebcp-6-35-16-1n-1b-l235-michaud-p648-7673621;cuadros;14/12/2020
COFFRET S20 NU SERRURE RECT. MICHAUD N001;75.21;FALSE;0.000313915;9.99;michaud;https://www.manomano.fr/catalogue/p/coffret-s20-nu-serrure-rect-michaud-n001-7673558;cuadros;14/12/2020
Tableau electrique Pré Cablé Legrand surface entre 35 m2 et 100 m2 (T1bis et jusqu'à T5);372.75;FALSE;0.000306773;;legrand;https://www.manomano.fr/catalogue/p/prise-rj45-cat6-complet-celiane-blanc-321373;cuadros;14/12/2020
Tableau pré-équipé spécial logement T1/T2;259.67;FALSE;0.000303922;7.05;legrand;https://www.manomano.fr/catalogue/p/tableau-pre-equipe-special-logement-t1-t2-4581935;cuadros;14/12/2020
Coffret électrique pré-équipé 1 rangée 13 modules pour extension - Zenitech;41.99;FALSE;0.000289547;2.5;zenitech;https://www.manomano.fr/catalogue/p/coffret-electrique-pre-equipe-1-rangee-13-modules-pour-extension-zenitech-17232162?model_id=17231963;cuadros;14/12/2020
Tableau electrique Pré Cablé Legrand surface supérieur a 100 m2 (T6 et plus);467.25;FALSE;0.000273582;;legrand;https://www.manomano.fr/catalogue/p/prise-telephone-complet-celiane-blanc-342070;cuadros;14/12/2020
HAGER TN435 - COFFRET VDI SEMI-ÉQUIPÉ 2R- 36 MODULES+PLATINE GRADE 3TV;600;FALSE;0.000268295;12;hager;https://www.manomano.fr/catalogue/p/coffret-vdi-2-rangees-36-modules-platine-grade-3tv-tn435-6416714;cuadros;14/12/2020
TROUSSE 2 EBCP 10-35/25 1N+1B L190 MICHAUD P649;20.13;FALSE;0.00026799;9.99;michaud;https://www.manomano.fr/catalogue/p/trousse-2-ebcp-10-35-25-1n-1b-l190-michaud-p649-7673622;cuadros;14/12/2020
Tableau electrique Pré Câblé Hager jusqu'a 35 m2 (T1 / T1bis);229.95;FALSE;0.000265651;;hager;https://www.manomano.fr/catalogue/p/tableau-electrique-pre-cable-hager-jusqua-35-m2-t1-t1bis-1791034;cuadros;14/12/2020
Pack Tableau Électrique IP30 12 Modules + 5 Disjoncteurs + Interrupteur Différentiel  Blanc -  Blanc;65.99;FALSE;0.000252014;7.95;LEDKIA;https://www.manomano.fr/catalogue/p/pack-tableau-electrique-ip30-12-modules-5-disjoncteurs-interrupteur-differentiel-blanc-12279265;cuadros;14/12/2020
Kits DRIVIA - Offre coffret Drivia 13 modules 2 rangées (KIT13M2R);388.95;FALSE;0.000245551;;legrand;https://www.manomano.fr/catalogue/p/kits-drivia-14625532;cuadros;14/12/2020
C/C UNIPOLAIRE 60A EDF AVEC PATTE SOLIDAIRE MICHAUD P177;12.94;FALSE;0.000238524;9.99;michaud;https://www.manomano.fr/catalogue/p/c-c-unipolaire-60a-edf-avec-patte-solidaire-michaud-p177-18960046?model_id=18958048;cuadros;14/12/2020
Prêt à poser DRIVIA multimédia Double Play - 18 modules / Legrand;478.7;FALSE;0.000238116;;legrand;https://www.manomano.fr/catalogue/p/coffret-vdi-pap-double-play-drivia18-legrand-418261-3813889;cuadros;14/12/2020
EBCP 6-35/16 NOIR L235 MICHAUD P446;7.12;FALSE;0.000229916;9.99;michaud;https://www.manomano.fr/catalogue/p/ebcp-6-35-16-noir-l235-michaud-p446-7673444;cuadros;14/12/2020
Coffret Basique Grade 2 TV - TV sur RJ Ready - 413247 - Legrand;112.2;FALSE;0.000226428;6;legrand;https://www.manomano.fr/catalogue/p/coffret-basique-4-rj45-stp-drivia13-legrand-413247-3855692;cuadros;14/12/2020
Tableau électrique encastrable (7 disjoncteurs + 1 ID);111.1;FALSE;0.000207452;10.2;GE ÉVOLUE EN AEG;https://www.manomano.fr/catalogue/p/tableau-electrique-montage-encastre-7-disjoncteurs-1-id-8331469;cuadros;14/12/2020
Embouts x4 ebcp 35/25 3 noirs+;42.46;FALSE;0.000203683;3.99;CAHORS;https://www.manomano.fr/catalogue/p/embouts-x4-ebcp-35-25-3-noirs-9005785;cuadros;14/12/2020
COFFRET C/C 60A TETRA. MICHAUD P074;39.49;FALSE;0.000189454;9.99;michaud;https://www.manomano.fr/catalogue/p/coffret-c-c-60a-tetra-michaud-p074-7673575;cuadros;14/12/2020
Coffret basique double play 4 rj45 stp + 2tv drivia18;354.9;FALSE;0.000185472;;legrand;https://www.manomano.fr/catalogue/p/basique-dp-4-rj45-2tv-drivia18-legrand-418250-3813888;cuadros;14/12/2020
Coffret précâblé 3 rangées 36 modules équipé de 3 Inter diff 40A 30mA + 12 disjoncteurs avec délesteur ABB 1SLM004170A3007;263.81;FALSE;0.000183052;;abb;https://www.manomano.fr/catalogue/p/coffret-precable-3-rangees-36-modules-equipe-de-3-inter-diff-40a-30ma-12-disjoncteurs-avec-delesteur-abb-1slm004170a3007-15642572;cuadros;14/12/2020
CONNECTEUR CB2p/CT 150 A PERFO. MICHAUD K390;20.2;FALSE;0.00018105;9.99;michaud;https://www.manomano.fr/catalogue/p/connecteur-cb2p-ct-150-a-perfo-michaud-k390-7673552;cuadros;14/12/2020
Prêt à poser coffret multimédia Triple Play Gigabit DRIVIA 18 TV sur RJ Ready (418262);761.01;FALSE;0.000170549;;legrand;https://www.manomano.fr/catalogue/p/coffre-tvdi-pap-triple-play-drivia18-legrand-418262-3813890;cuadros;14/12/2020
Tableau Électrique Pré Équipé 3 rangées 3 ID + 10 Disjoncteurs NF NALTO;164.5;FALSE;0.00017029;9.9;nalto;https://www.manomano.fr/catalogue/p/tableau-electrique-pre-equipe-3-rangees-3-id-10-disjoncteurs-nf-nalto-17131036?model_id=17130853;cuadros;14/12/2020
Tableau Électrique Pré Câblé 2 rangées 2 ID + 8 Disjoncteurs NF NALTO;142.5;FALSE;0.000166284;9.9;nalto;https://www.manomano.fr/catalogue/p/tableau-electrique-pre-cable-2-rangees-2-id-8-disjoncteurs-nf-nalto-17131041?model_id=17130858;cuadros;14/12/2020
EMBOUT TRIPLE SORTIE DE DISJONCTEUR MICHAUD P115;24.3;FALSE;0.000162055;9.99;michaud;https://www.manomano.fr/catalogue/p/embout-triple-sortie-de-disjoncteur-michaud-p115-7673580;cuadros;14/12/2020
Tableau Électrique Pré Équipé 2 rangées 1 ID + 7 Disjoncteurs NF NALTO;115.5;FALSE;0.000159754;9.9;nalto;https://www.manomano.fr/catalogue/p/tableau-electrique-pre-equipe-2-rangees-1-id-7-disjoncteurs-nf-nalto-17131035?model_id=17130852;cuadros;14/12/2020
EBCP 6-35/16 BLEU L235 MICHAUD P447;7.12;FALSE;0.000158385;9.99;michaud;https://www.manomano.fr/catalogue/p/ebcp-6-35-16-bleu-l235-michaud-p447-7673445;cuadros;14/12/2020
Tableau electrique Pré Cablé Hager surface entre 35 m2 et 100 m2 (T1bis et jusqu'à T5);418.95;FALSE;0.000154719;;hager;https://www.manomano.fr/catalogue/p/tableau-electrique-pre-cable-hager-surface-entre-35-m2-et-100-m2-t1bis-et-jusqua-t5-187218;cuadros;14/12/2020
EBCP 6-35/16 NOIR L500 MICHAUD P222;12.03;FALSE;0.00015292;9.99;michaud;https://www.manomano.fr/catalogue/p/michaud-p222-michaud-p222-embout-ebcp-6-35-16-noir-l500-18922205?model_id=18920207;cuadros;14/12/2020
CLE GAZ Carré 14 Triangle 11 Plat 9x4 MICHAUD P091;3.37;FALSE;0.000146983;9.99;michaud;https://www.manomano.fr/catalogue/p/cle-gaz-carre-14-triangle-11-plat-9x4-michaud-p091-7673576;cuadros;14/12/2020
BORNE CIBE MONO 60A A4D2 MICHAUD CB305;178.05;FALSE;0.00014305;9.99;michaud;https://www.manomano.fr/catalogue/p/borne-cibe-mono-60a-a4d2-michaud-cb305-18960219?model_id=18958221;cuadros;14/12/2020
Tableau pré-équipé Evolué logement T4;534;FALSE;0.000136982;8.35;legrand;https://www.manomano.fr/catalogue/p/legrand-tableau-electrique-equipe-precable-evolue-special-pour-logement-t4-4581944;cuadros;14/12/2020
MANCHON PREISOLE MJPB 25-16 MICHAUD K040;2.23;FALSE;0.000135051;9.99;michaud;https://www.manomano.fr/catalogue/p/manchon-preisole-mjpb-25-16-michaud-k040-18959890?model_id=18957892;cuadros;14/12/2020
EBCP 6-35/16 BLEU L500 MICHAUD P223;11.93;FALSE;0.000132918;9.99;michaud;https://www.manomano.fr/catalogue/p/michaud-p223-michaud-p223-embout-ebcp-6-35-16-bleu-l500-18922206?model_id=18920208;cuadros;14/12/2020
Double interrupteur complet Celiane Blanc;20.46;FALSE;0.00012724;3.65;legrand;https://www.manomano.fr/catalogue/p/double-interrupteur-complet-celiane-blanc-321372;cuadros;14/12/2020
CONDAMNATION GAINE COL+SERRURE MICHAUD EE012;18.94;FALSE;0.000127059;9.99;michaud;https://www.manomano.fr/catalogue/p/condamnation-gaine-col-serrure-michaud-ee012-18960177?model_id=18958179;cuadros;14/12/2020
MANCHON PREISOLE MJPT 50 MICHAUD K110;4.89;FALSE;0.000127056;9.99;michaud;https://www.manomano.fr/catalogue/p/manchon-preisole-mjpt-50-michaud-k110-7673523;cuadros;14/12/2020
MANCHON PREISOLE MJPB 10 MICHAUD K035;2.23;FALSE;0.000126056;9.99;michaud;https://www.manomano.fr/catalogue/p/manchon-preisole-mjpb-10-michaud-k035-18959887?model_id=18957889;cuadros;14/12/2020
Tableau Électrique Encastrable IP30  12 -  12;24.39;FALSE;0.000125275;7.95;LEDKIA;https://www.manomano.fr/catalogue/p/tableau-electrique-encastrable-ip30-6-10186906?model_id=11872216;cuadros;14/12/2020
TABLEAU ÉLECTRIQUE LEGRAND 2 RANGÉE ÉQUIPÉ ET PRÉ CABLÉ + PLATINE 15/45 ( LEG2R+P) PORTES OFFERTE;289;FALSE;0.000124363;;legrand;https://www.manomano.fr/catalogue/p/tableau-electrique-legrand-2-rangee-equipe-et-pre-cable-platine-15-45-leg2r-p-portes-offerte-26113686?model_id=26094577;cuadros;14/12/2020
Prêt à poser coffret multimédia Optimum manuel Gigabit DRIVIA 18 Tv sur RJ (418263);1119.8;FALSE;0.000117154;;legrand;https://www.manomano.fr/catalogue/p/coffret-vdi-pap-optimum-manuel-drivia18-legrand-418263-3813891;cuadros;14/12/2020
Tableau electrique Pré Cablé Eaton surface supérieur a 100 m2 (T6 et plus);419.9;FALSE;0.000113182;;MOELLER;https://www.manomano.fr/catalogue/p/tableau-electrique-pre-cable-eaton-surface-superieur-a-100-m2-t6-et-plus-1183087;cuadros;14/12/2020
GPC 60.60 GRISE MICHAUD N275;26.11;FALSE;0.000112052;9.99;michaud;https://www.manomano.fr/catalogue/p/gpc-6060-grise-michaud-n275-18959986?model_id=18957988;cuadros;14/12/2020
Coffret pré-équipé 4R avec protections + platine disjoncteur EDF 15-45A 500mA pour T4/T5 sans chauffage électrique ABB 2421105;462.37;FALSE;0.000111051;;abb;https://www.manomano.fr/catalogue/p/coffret-pre-equipe-4r-avec-protections-platine-disjoncteur-edf-15-45a-500ma-pour-t4-t5-sans-chauffage-electrique-abb-2421105-15642554;cuadros;14/12/2020
MANCHON PREISOLE MJPT 50-35 MICHAUD K109;4.89;FALSE;0.000108053;9.99;michaud;https://www.manomano.fr/catalogue/p/manchon-preisole-mjpt-50-35-michaud-k109-18959915?model_id=18957917;cuadros;14/12/2020
Tableau électrique pré-équipé à vis prêt à poser évolutif Gewiss Nbre de modules 26;143.43;FALSE;0.000106768;4.5;gewiss;https://www.manomano.fr/catalogue/p/tableau-electrique-pre-equipe-a-vis-pret-a-poser-evolutif-gewiss-11631882?model_id=11631884;cuadros;14/12/2020
Tableau équipé 2 Rangées LEGRAND (KIT2R);172.58;FALSE;0.000100611;6.88;legrand;https://www.manomano.fr/catalogue/p/tableau-equipe-2-rangees-legrand-4412921;cuadros;14/12/2020
Coffret S20 monophasé - Avec d;396;FALSE;9.86E+00;;CAHORS;https://www.manomano.fr/catalogue/p/coffret-de-branchement-provisoire-monophase-30-60a-8265288;cuadros;14/12/2020
Coffret pré-équipé 4R avec protection + platine disjoncteur EDF 15-45A 500mA pour T3 sans chauffage électrique ABB 2412030;415.09;FALSE;9.21E-01;;abb;https://www.manomano.fr/catalogue/p/coffret-pre-equipe-4r-avec-protection-platine-disjoncteur-edf-15-45a-500ma-pour-t3-sans-chauffage-electrique-abb-2412030-15642624;cuadros;14/12/2020
Tableau electrique Pré Cablé Eaton surface entre 35 m2 et 100 m2 (T1bis et jusqu'à T5);325.4;FALSE;9.12E+00;;MOELLER;https://www.manomano.fr/catalogue/p/tableau-electrique-pre-cable-eaton-surface-entre-35-m2-et-100-m2-t1bis-et-jusqua-t5-1183086;cuadros;14/12/2020
Tableau électrique encastrable (14 disjoncteurs + 3 ID);256.33;FALSE;8.76E+00;;GE ÉVOLUE EN AEG;https://www.manomano.fr/catalogue/p/tableau-electrique-montage-encastre-14-disjoncteurs-3-id-8331471;cuadros;14/12/2020
BORNE CIBE MONO 2x60A ERDF MICHAUD N150;236.53;FALSE;8.36E-01;;michaud;https://www.manomano.fr/catalogue/p/borne-cibe-mono-2x60a-erdf-michaud-n150-18959958?model_id=18957960;cuadros;14/12/2020
Coffret pré-câblé 4 rangées - HQ215799 / ABB;346.4;FALSE;7.87E+00;;abb;https://www.manomano.fr/catalogue/p/coffret-pre-cable-4-rangees-hq215799-abb-8616439;cuadros;14/12/2020
Tableau Électrique Pré Câblé 1 rangée NF NALTO 1 ID + 2 Disjoncteurs;63.95;FALSE;7.58E+00;;nalto;https://www.manomano.fr/catalogue/p/tableau-electrique-pre-cable-1-rangee-nf-nalto-1-id-2-disjoncteurs-17131038?model_id=17130855;cuadros;14/12/2020
COFFRET Hager 4 rangées équipé et précablé;283.4;FALSE;7.20E+00;9.9;hager;https://www.manomano.fr/catalogue/p/coffret-hager-4-rangees-equipe-et-precable-16462774?model_id=16462762;cuadros;14/12/2020
Coffret H770 ECP-2D MICHAUD CA206;480.65;FALSE;6.86E+00;;michaud;https://www.manomano.fr/catalogue/p/coffret-h770-ecp-2d-michaud-ca206-18960228?model_id=18958230;cuadros;14/12/2020
SOCLE SIMPLE S20 MICHAUD N005;90.27;FALSE;6.85E-01;;michaud;https://www.manomano.fr/catalogue/p/socle-simple-s20-michaud-n005-7673561;cuadros;14/12/2020
Tableau électrique encastrable (9 disjoncteurs + 2 ID);174.54;FALSE;6.76E+00;9.99;GE ÉVOLUE EN AEG;https://www.manomano.fr/catalogue/p/tableau-electrique-montage-encastre-9-disjoncteurs-2-id-8331470;cuadros;14/12/2020
MANCHON MJPBAS 25-25M MICHAUD K074;2.44;FALSE;6.75E+00;10.2;michaud;https://www.manomano.fr/catalogue/p/manchon-mjpbas-25-25m-michaud-k074-18959901?model_id=18957903;cuadros;14/12/2020
Coffret pré-câblé 3 rangées - HQ215797 / ABB;257.15;FALSE;6.12E+00;9.99;abb;https://www.manomano.fr/catalogue/p/coffret-pre-cable-3-rangees-hq215797-abb-8616438;cuadros;14/12/2020
MANCHON PREIS. MECA. 25-95 MICHAUD K189;25.37;FALSE;5.86E+00;;michaud;https://www.manomano.fr/catalogue/p/manchon-preis-meca-25-95-michaud-k189-7673528;cuadros;14/12/2020
DISTRIBUTEUR NIVEAU 200A 6 DEP CPF MICHAUD Q903;157.03;FALSE;5.81E+00;9.99;michaud;https://www.manomano.fr/catalogue/p/distributeur-niveau-200a-6-dep-cpf-michaud-q903-2748492;cuadros;14/12/2020
HAGER Gamma Tableau électrique prééquipé 2 rangées 3ID 40A 9 disjoncteurs;199;FALSE;5.74E+00;9.99;hager;https://www.manomano.fr/catalogue/p/hager-gamma-tableau-electrique-preequipe-2-rangees-3id-40a-9-disjoncteurs-25566813?model_id=25547705;cuadros;14/12/2020
TABLEAU ÉLECTRQIUE LEGRAND 3RANGÉE ÉQUIPÉ ET PRÉ CABLÉ + PLATINE LINKY 15/45 (LEG3RM3) PORTES OFFERTE;339;FALSE;5.64E+00;9;legrand;https://www.manomano.fr/catalogue/p/tableau-electrqiue-legrand-3rangee-equipe-et-pre-cable-platine-linky-15-45-leg3rm3-portes-offerte-26113689?model_id=26094580;cuadros;14/12/2020
Coffret Basique Grade 2 TV - TV sur RJ Ready - 418248 - Legrand;132.15;FALSE;5.30E+00;;legrand;https://www.manomano.fr/catalogue/p/coffret-vdi-basique-4-j45-stp-2tv-drivia18-legrand-418248-3813887;cuadros;14/12/2020
LEGRAND Tableau électrique équipé précâblé spécial pour extension chambre;156.81;FALSE;4.77E+00;6;legrand;https://www.manomano.fr/catalogue/p/legrand-tableau-electrique-equipe-precable-special-pour-extension-chambre-18858283?model_id=18856285;cuadros;14/12/2020
PDI TELECOM 7 DEPARTS MICHAUD Q250;18.34;FALSE;4.76E+00;7.8;michaud;https://www.manomano.fr/catalogue/p/pdi-telecom-7-departs-michaud-q250-7672862;cuadros;14/12/2020
Coffret Basique Double Play - TV sur RJ Ready - 413250 - Legrand;341.1;FALSE;4.66E+00;9.99;legrand;https://www.manomano.fr/catalogue/p/coffret-basique-dp-4-rj45-2tv-drivia13-legrand-413250-3855694;cuadros;14/12/2020
Tableau electrique Pré Cablé Eaton jusqu'a 35 m2 (T1 / T1bis);199.4;FALSE;4.57E+00;;MOELLER;https://www.manomano.fr/catalogue/p/tableau-electrique-pre-cable-eaton-jusqua-35-m2-t1-t1bis-1183085;cuadros;14/12/2020
TABLEAU ÉLECTRQIUE LEGRAND 3RANGÉE ÉQUIPÉ ET PRÉ CABLÉ + PLATINE LINKY 15/45 (LEG3RM2) PORTES OFFERTE;359;FALSE;4.44E+00;;legrand;https://www.manomano.fr/catalogue/p/tableau-electrqiue-legrand-3rangee-equipe-et-pre-cable-platine-linky-15-45-leg3rm2-portes-offerte-26113687?model_id=26094578;cuadros;14/12/2020
Kit triphasé 60A pour coffret ou borne CIBE pour passage d'un branchement mono en branchement tri (EDF 69.80.881) MAEC 0946118;22.9;FALSE;4.21E+00;;CAHORS (MAEC);https://www.manomano.fr/catalogue/p/kit-triphase-60a-pour-coffret-ou-borne-cibe-pour-passage-dun-branchement-mono-en-branchement-tri-edf-6980881-maec-0946118-9244244;cuadros;14/12/2020
Coffret pré-câblé 1 rangée - HQ215795 / ABB;124.85;FALSE;4.16E+00;5.99;abb;https://www.manomano.fr/catalogue/p/coffret-pre-cable-1-rangee-hq215795-abb-8616436;cuadros;14/12/2020
Coffret Chauffe-eau équipé 20A - HQ215800 / ABB;71.3;FALSE;3.37E+00;3.99;abb;https://www.manomano.fr/catalogue/p/coffret-chauffe-eau-equipe-20a-hq215800-abb-8616435;cuadros;14/12/2020
Coffret S20 triphasé - Avec di;612;FALSE;3.36E+00;3.99;CAHORS;https://www.manomano.fr/catalogue/p/coffret-de-branchement-provisoire-triphase-30-60a-8265287;cuadros;14/12/2020
Extension 1 rangée pour tableau électrique évolutif - Thomson;16.99;FALSE;3.22E+00;4;thomson;https://www.manomano.fr/catalogue/p/extension-1-rangee-pour-tableau-electrique-evolutif-2009836;cuadros;14/12/2020
ENSEMBLE CPF 60A UNIVERSEL MONO MICHAUD Q880;34.71;FALSE;3.21E+00;9.99;michaud;https://www.manomano.fr/catalogue/p/ensemble-cpf-60a-universel-mono-michaud-q880-2748489;cuadros;14/12/2020
TAMC 3R - XP ( 2 ID 40A TYPE AC + ID 40 A TYPE A + 11 DISJ );1470.72;FALSE;3.00E+00;100;schneider;https://www.manomano.fr/catalogue/p/schneider-electric-tableau-equipe-et-precable-3-rangees-39-modules-6508517;cuadros;14/12/2020
COFFRET MONTE CABLE EMBROCHABLE 3 RANGEES AVEC ID63A SPECIAL CHAUFFAGE;1980;FALSE;3.00E+00;100;schneider;https://www.manomano.fr/catalogue/p/schneider-coffret-3-rangees-equipe-embrochable-r9h313se02-11554225;cuadros;14/12/2020
Tableau pré câblé General Electric 11 disj. et 4 interrupteurs diff;275.88;FALSE;2.97E+00;;GE ÉVOLUE EN AEG;https://www.manomano.fr/catalogue/p/tableau-pre-cable-general-electric-11-disjoncteurs-et-4-id-1076737;cuadros;14/12/2020
Coffret de distribution évolutif pré-câblé 1 rangée 13 modules ABB HQ215780;156.53;FALSE;2.96E-01;9.99;abb;https://www.manomano.fr/catalogue/p/coffret-de-distribution-evolutif-pre-cable-1-rangee-13-modules-abb-hq215780-4336318;cuadros;14/12/2020
Tableau Électrique Pré Câblé 3 rangées 3 ID + 10 Disjoncteurs NF NALTO;204.5;FALSE;2.83E+00;9.9;nalto;https://www.manomano.fr/catalogue/p/tableau-electrique-pre-cable-3-rangees-3-id-10-disjoncteurs-nf-nalto-17131042?model_id=17130859;cuadros;14/12/2020
COLON VERIN ALU 2FA 3.10;388.4;FALSE;2.77E+00;;SCHNEIDER;https://www.manomano.fr/catalogue/p/colon-verin-alu-2fa-310-11073979;cuadros;14/12/2020
Distributeur arrivee 200a acpf;182.08;FALSE;2.47E+00;3.99;CAHORS;https://www.manomano.fr/catalogue/p/distributeur-arrivee-200a-acpf-9119953;cuadros;14/12/2020
Module réseau RRCP grille de coupure 400A ou de protection 200A pose sur jeu de barres REMIC (EDF 67 71 309) MICHAUD Q614;97.8;FALSE;2.46E+00;8.99;michaud;https://www.manomano.fr/catalogue/p/module-reseau-rrcp-400-200-michaud-michaud-q614-2748476;cuadros;14/12/2020
COF. S20 MONO-TRI + PANNEAU + TEL MICHAUD P535;179.92;FALSE;2.46E-01;9.99;michaud;https://www.manomano.fr/catalogue/p/cof-s20-mono-tri-panneau-tel-michaud-p535-7673620;cuadros;14/12/2020
MODULE RBP MONO 60A REMBT G3 MICHAUD Q609;42.08;FALSE;2.46E+00;9.99;michaud;https://www.manomano.fr/catalogue/p/michaud-q609-michaud-q609-module-branchement-protege-mono-rbp-60a-rembt-g3-16175697?model_id=16175686;cuadros;14/12/2020
C/C FUSIBLE CYLINDRIQUE PERFO MICHAUD K221;37.95;FALSE;2.41E-01;9.99;michaud;https://www.manomano.fr/catalogue/p/c-c-fusible-cylindrique-perfo-michaud-k221-7673531;cuadros;14/12/2020
Tableau pré-câblé 3 rangées type T1- Moeller Eaton;232.64;FALSE;2.36E+00;;KLOCKNER MOELLER;https://www.manomano.fr/catalogue/p/tableau-pre-cable-3-rangees-type-t1-moeller-eaton-5802906;cuadros;14/12/2020
CONNECTEUR AUTODENUDANT ETON MICHAUD P305;1.12;FALSE;2.26E+00;9.99;michaud;https://www.manomano.fr/catalogue/p/connecteur-autodenudant-eton-michaud-p305-7672546;cuadros;14/12/2020
MANCHON PREISOLE MJPB 25 MICHAUD K042;2.23;FALSE;2.26E+00;9.99;michaud;https://www.manomano.fr/catalogue/p/manchon-preisole-mjpb-25-michaud-k042-18959891?model_id=18957893;cuadros;14/12/2020
THOMSON EXTENSION 1 RANGÉE POUR TABLEAU ÉLECTRIQUE ÉVOLUTIF - 13 MODULES;27.7;FALSE;2.16E+00;;thomson;https://www.manomano.fr/catalogue/p/thomson-extension-1-rangee-pour-tableau-electrique-evolutif-13-modules-19384603?model_id=19382605;cuadros;14/12/2020
Tableau électrique pré-équipé - À vis Prêt à poser - Évolutif 4 rangées - Gewiss;658.42;FALSE;2.08E+00;6.95;gewiss;https://www.manomano.fr/catalogue/p/tableau-electrique-pre-equipe-a-vis-pret-a-poser-evolutif-4-rangees-gewiss-14008870;cuadros;14/12/2020
GPC 140.50 GRISE MICHAUD N278;32.85;FALSE;2.00E+00;9.99;michaud;https://www.manomano.fr/catalogue/p/gpc-14050-grise-michaud-n278-7673568;cuadros;14/12/2020
Tableau 250x500mm avec coupe circuit 2A + 2 bar + 2 boitiers cctr MICHAUD R185;33.79;FALSE;1.76E+00;6.99;michaud;https://www.manomano.fr/catalogue/p/tableau-250x500mm-avec-coupe-circuit-2a-2-bar-2-boitiers-cctr-michaud-r185-9242046;cuadros;14/12/2020
Coffret électrique pré-équipé 3 rangées gamma+;853.5;FALSE;1.76E+00;;hager;https://www.manomano.fr/catalogue/p/coffret-lectrique-pr-quip-3-ranges-gamma-24090112?model_id=24071004;cuadros;14/12/2020
Coffret pré-équipé a vis Série 40 CD Gewiss Nbre de modules 13;815.32;FALSE;1.68E+00;4.1;gewiss;https://www.manomano.fr/catalogue/p/coffret-pre-equipe-a-vis-serie-40-cd-gewiss-11631078;cuadros;14/12/2020
Tableau électrique GVM5/20;448.7;FALSE;1.68E+00;6.5;elm;https://www.manomano.fr/catalogue/p/tableau-electrique-gvm5-20-1149022;cuadros;14/12/2020
MANCHON MJPBS 25M-25M MICHAUD K073;2.9;FALSE;1.66E+00;9.99;michaud;https://www.manomano.fr/catalogue/p/manchon-mjpbs-25m-25m-michaud-k073-18959900?model_id=18957902;cuadros;14/12/2020
Coffret électrique pré-équipé 2 rangées gamma+;461.4;FALSE;1.66E+00;;hager;https://www.manomano.fr/catalogue/p/coffret-lectrique-pr-quip-2-ranges-gamma-24090110?model_id=24071003;cuadros;14/12/2020
TROUSSE 4 EBCP 6-35/16 3N+1B L235 MICHAUD P651;32.5;FALSE;1.65E-02;9.99;michaud;https://www.manomano.fr/catalogue/p/michaud-p651-michaud-p651-trousse-4-ebcp-6-35-16-3-noirs-1-bleu-l235-16175678?model_id=16175667;cuadros;14/12/2020
Coffret de chantier 0058 50;358.2;FALSE;1.56E+00;;WILMART;https://www.manomano.fr/catalogue/p/coffret-de-chantier-5914229;cuadros;14/12/2020
ECARTEUR COIN 200x15x9mm MICHAUD K007;3.81;FALSE;1.46E+00;9.99;michaud;https://www.manomano.fr/catalogue/p/ecarteur-coin-200x15x9mm-michaud-k007-7673517;cuadros;14/12/2020
Coffret basique grade 2;260.28;FALSE;1.36E+00;;legrand;https://www.manomano.fr/catalogue/p/coffret-basique-grade-2-24089208?model_id=24070100;cuadros;14/12/2020
BORNE REMIC 2014 300 MICHAUD Q667;191.72;FALSE;1.30E+00;9.99;michaud;https://www.manomano.fr/catalogue/p/borne-remic-2014-300-michaud-q667-2748481;cuadros;14/12/2020
CLE ELEC Triangle 11 Plat 9x4 MICHAUD CD006;3.25;FALSE;1.26E-02;9.99;michaud;https://www.manomano.fr/catalogue/p/cle-elec-triangle-11-plat-9x4-michaud-cd006-18960166?model_id=18958168;cuadros;14/12/2020
SERRURE TRIANGULAIRE CIBE/CGV MICHAUD N139;3.35;FALSE;1.26E+00;9.99;michaud;https://www.manomano.fr/catalogue/p/serrure-triangulaire-cibe-cgv-michaud-n139-18959948?model_id=18957950;cuadros;14/12/2020
Tamc 3r 3id 10disj op casto renovation (200861);415.18;FALSE;1.17E+00;;legrand;https://www.manomano.fr/catalogue/p/tamc-3r-3id-10disj-op-casto-renovation-200861-14930733;cuadros;14/12/2020
TROUSSE 2 EBCD 35-25 1 noir + 1 bleu MICHAUD P620;25.34;FALSE;1.16E+00;9.99;michaud;https://www.manomano.fr/catalogue/p/trousse-2-ebcd-35-25-1-noir-1-bleu-michaud-p620-7673630;cuadros;14/12/2020
COFFRET S20 NU SERRURE RECT. + TEL. MICHAUD N002;117.51;FALSE;1.16E+00;9.99;michaud;https://www.manomano.fr/catalogue/p/coffret-s20-nu-serrure-rect-tel-michaud-n002-7673559;cuadros;14/12/2020
NEUTRE TRIPLE SECTIONNABLE + PATTE MICHAUD P200;54.81;FALSE;1.15E+00;9.99;michaud;https://www.manomano.fr/catalogue/p/neutre-triple-sectionnable-patte-michaud-p200-7673587;cuadros;14/12/2020
CARTOUCHE FUSIBLE HPC T00 100A MICHAUD P236;11.34;FALSE;1.06E-01;9.99;michaud;https://www.manomano.fr/catalogue/p/cartouche-fusible-hpc-t00-100a-michaud-p236-18960052?model_id=18958054;cuadros;14/12/2020
MODEM EURIDIS 9600/USB MICHAUD K865;777.3;FALSE;1.06E+00;;michaud;https://www.manomano.fr/catalogue/p/modem-euridis-9600-usb-michaud-k865-560207;cuadros;14/12/2020
Jeu de barres largeur 450mm 9 plages de raccordement pour coffret REMIC 450 (EDF 67 70 322) MICHAUD Q601;37.09;FALSE;1.06E+00;7.49;michaud;https://www.manomano.fr/catalogue/p/jeu-de-barres-remic-450-michaud-q601-2748469;cuadros;14/12/2020
C/C UNIP. 60A PHASE MICHAUD P163;9.37;FALSE;1.06E+00;9.99;michaud;https://www.manomano.fr/catalogue/p/c-c-unip-60a-phase-michaud-p163-18960044?model_id=18958046;cuadros;14/12/2020
PLATINE CIBE MONO 2x60A MICHAUD N143;81.29;FALSE;9.59E-03;9.99;michaud;https://www.manomano.fr/catalogue/p/platine-cibe-mono-2x60a-michaud-n143-18959953?model_id=18957955;cuadros;14/12/2020
COFFRET ECP-2D ECLAIR MICHAUD CA201;485.37;FALSE;9.59E-02;;michaud;https://www.manomano.fr/catalogue/p/coffret-ecp-2d-eclair-michaud-ca201-18960150?model_id=18958152;cuadros;14/12/2020
MANCHON PREISOLE MJPB 25-10 MICHAUD K037;2.23;FALSE;9.59E-02;9.99;michaud;https://www.manomano.fr/catalogue/p/manchon-preisole-mjpb-25-10-michaud-k037-18959889?model_id=18957891;cuadros;14/12/2020
COFFRET LOG T1 SS CHAUF;138;FALSE;9.57E-02;;EATON MOELLER;https://www.manomano.fr/catalogue/p/coffret-log-t1-ss-chauf-3672006;cuadros;14/12/2020
ECARTEUR A COINS MICHAUD K005;20.6;FALSE;8.59E-02;;michaud;https://www.manomano.fr/catalogue/p/ecarteur-a-coins-michaud-k005-7673516;cuadros;14/12/2020
ELECTRIC QUADRO DISTRIBUZIONE ASC ULISSE SPINA 4X2P+E 16A 220V POUR CANTIERE 74320;131.89;FALSE;8.51E-02;9.99;FANTON;https://www.manomano.fr/catalogue/p/electric-quadro-distribuzione-asc-ulisse-spina-4x2p-e-16a-220v-pour-cantiere-74320-1113295;cuadros;14/12/2020
FERRURE FIXATION COFFRET CIBE MICHAUD N134;29.33;FALSE;7.59E-02;17.5;michaud;https://www.manomano.fr/catalogue/p/ferrure-fixation-coffret-cibe-michaud-n134-18959946?model_id=18957948;cuadros;14/12/2020
MANCHON MJPBAS 16-35M MICHAUD K079;2.44;FALSE;7.59E-02;9.99;michaud;https://www.manomano.fr/catalogue/p/manchon-mjpbas-16-35m-michaud-k079-18959905?model_id=18957907;cuadros;14/12/2020
MANCHON MJPBAS 16-16M MICHAUD K070;2.44;FALSE;7.59E-02;9.99;michaud;https://www.manomano.fr/catalogue/p/manchon-mjpbas-16-16m-michaud-k070-18959898?model_id=18957900;cuadros;14/12/2020
COFFRET LOG T4 AV CHAUF;274.8;FALSE;7.56E-02;9.99;EATON MOELLER;https://www.manomano.fr/catalogue/p/coffret-log-t4-av-chauf-3686845;cuadros;14/12/2020
Coffret pré-équipé a vis 2 rangées 40 A - Gewiss;293.35;FALSE;6.81E-02;;gewiss;https://www.manomano.fr/catalogue/p/coffret-pre-equipe-a-vis-2-rangees-40-a-gewiss-14009041;cuadros;14/12/2020
Tableau electrique Pré Cablé Legrand jusqu'a 35 m2 (T1 / T1bis);208.95;FALSE;6.71E-03;5.95;legrand;https://www.manomano.fr/catalogue/p/tableau-electrique-pre-cable-legrand-jusqua-35-m2-t1-t1bis-1183078;cuadros;14/12/2020
MANCHON PREISOLE MJPB 6 MICHAUD K030;2.23;FALSE;6.59E-02;;michaud;https://www.manomano.fr/catalogue/p/manchon-preisole-mjpb-6-michaud-k030-18959883?model_id=18957885;cuadros;14/12/2020
Jeu de barres largeur 300mm 6 plages de raccordement REMIC 300 pour coffret S20 (EDF 67 70 312) MICHAUD Q600;28.11;FALSE;6.59E-02;9.99;michaud;https://www.manomano.fr/catalogue/p/jeu-de-barres-largeur-300mm-6-plages-de-raccordement-remic-300-pour-coffret-s20-edf-67-70-312-michaud-q600-9243029;cuadros;14/12/2020
SERRURE POUR FERMETURE A CLE PORTE MICHAUD Q348;28.77;FALSE;6.58E-02;7.49;michaud;https://www.manomano.fr/catalogue/p/serrure-pour-fermeture-a-cle-porte-michaud-q348-7673625;cuadros;14/12/2020
BORNE CIBE TYPE 2 SER RECT ERDF MICHAUD N169;186.64;FALSE;6.58E-02;9.99;michaud;https://www.manomano.fr/catalogue/p/borne-cibe-type-2-ser-rect-erdf-michaud-n169-18959961?model_id=18957963;cuadros;14/12/2020
RESI9 - TABLEAU MONTE CABLE 4 RANGEES + 6 DISJONCTEURS;2634;FALSE;6.00E-02;9.99;schneider;https://www.manomano.fr/catalogue/p/resi9-tableau-monte-cable-4-rangees-6-disjoncteurs-27220079?model_id=27200970;cuadros;14/12/2020
Tableau électrique pré-équipé à vis prêt à poser évolutif 2 rangées - Gewiss;332.38;FALSE;5.81E-03;100;gewiss;https://www.manomano.fr/catalogue/p/tableau-electrique-pre-equipe-a-vis-pret-a-poser-evolutif-2-rangees-gewiss-14008774;cuadros;14/12/2020
E2R RF 10-35 SILICONE MICHAUD HC100;25.25;FALSE;5.59E-02;5.95;michaud;https://www.manomano.fr/catalogue/p/michaud-hc100-michaud-hc100-extremite-etancheite-e2r-rf-10-35-silicone-16175625?model_id=16175614;cuadros;14/12/2020
"SACHET DE 5 PRISES ""F"" A VISSER 7mm MICHAUD Q248";4.1;FALSE;5.59E-02;9.99;michaud;https://www.manomano.fr/catalogue/p/sachet-de-5-prises-f-a-visser-7mm-michaud-q248-7673633;cuadros;14/12/2020
TROUSSE DE 2 LIAISONS 16² 1 bleue + 1 noire MICHAUD J808;14.01;FALSE;5.59E-02;9.99;michaud;https://www.manomano.fr/catalogue/p/trousse-de-2-liaisons-16-1-bleue-1-noire-michaud-j808-18959878?model_id=18957880;cuadros;14/12/2020
Jeu de barres largeur 600mm 12 plages de raccordement REMIC 600 pour coffret S20 (EDF 67 70 332) MICHAUD Q602;48.81;FALSE;5.59E-03;7.49;michaud;https://www.manomano.fr/catalogue/p/jeu-de-barres-remic-600-michaud-q602-2748470;cuadros;14/12/2020
MANCHON PREISOLE MJPB 35-16 MICHAUD K053;2.49;FALSE;5.59E-02;9.99;michaud;https://www.manomano.fr/catalogue/p/manchon-preisole-mjpb-35-16-michaud-k053-18959892?model_id=18957894;cuadros;14/12/2020
COFFRET LOG T3 AV CHAUF;264;FALSE;5.57E-02;;EATON MOELLER;https://www.manomano.fr/catalogue/p/coffret-log-t3-av-chauf-3686843;cuadros;14/12/2020
Accessoire piètement;153.12;FALSE;5.57E-02;;CAHORS;https://www.manomano.fr/catalogue/p/pietement-coffret-de-branchement-8265289;cuadros;14/12/2020
Tableau monté-câblé 3 x 13 modules vidéo GT GTMCV313 - Aiphone 200030;908.41;FALSE;5.50E-02;;AIPHONE;https://www.manomano.fr/catalogue/p/tableau-monte-cable-avec-1-gtbc-1-gfc-1-gtvbc-2-ps2420d-et-1-disjoncteur-aiphone-gtmcv313-200030-411089;cuadros;14/12/2020
MANCHON PREISOLE MJPT 25 MICHAUD K103;5.44;FALSE;4.59E-02;;michaud;https://www.manomano.fr/catalogue/p/manchon-preisole-mjpt-25-michaud-k103-18959912?model_id=18957914;cuadros;14/12/2020
TROUSSE 2 EBCP 6-35/16 1N+1B L190 MICHAUD P672;14.12;FALSE;4.59E-02;9.99;michaud;https://www.manomano.fr/catalogue/p/trousse-2-ebcp-6-35-16-1n-1b-l190-michaud-p672-18960085?model_id=18958087;cuadros;14/12/2020
Jeu de 4 barres cuivre isolées 24mm² 125A max avec goulotte metallique de protection pour colonne (Q955) Olympe 200 MICHAUD Q001;97.23;FALSE;4.59E-03;9.99;michaud;https://www.manomano.fr/catalogue/p/jeu-de-4-barres-cuivre-isolees-24mm-125a-max-avec-goulotte-metallique-de-protection-pour-colonne-q955-olympe-200-michaud-q001-9243102;cuadros;14/12/2020
CARTOUCHE FUSIBLE T2 E160 mm 125A MICHAUD P130;25.88;FALSE;4.59E-03;9.99;michaud;https://www.manomano.fr/catalogue/p/cartouche-fusible-t2-e160-mm-125a-michaud-p130-18960032?model_id=18958034;cuadros;14/12/2020
MANCH.PREIS.MECA SOUT.ROND 150/SECT. 240 MICHAUD K192;63.01;FALSE;4.59E-03;9.99;michaud;https://www.manomano.fr/catalogue/p/manchpreismeca-soutrond-150-sect-240-michaud-k192-7673530;cuadros;14/12/2020
KIT REPARATION CABLE TELEREPORT MICHAUD P302;18.98;FALSE;4.59E-02;9.99;michaud;https://www.manomano.fr/catalogue/p/kit-reparation-cable-telereport-michaud-p302-7672545;cuadros;14/12/2020
MODULE RBD MONO REMBT G3 MICHAUD Q610;45.5;FALSE;4.59E-02;9.99;michaud;https://www.manomano.fr/catalogue/p/module-rbd-mono-rembt-g3-michaud-q610-18960097?model_id=18958099;cuadros;14/12/2020
MANCHON MJPBAS 25-35M MICHAUD K076;2.44;FALSE;4.59E-02;9.99;michaud;https://www.manomano.fr/catalogue/p/manchon-mjpbas-25-35m-michaud-k076-18959903?model_id=18957905;cuadros;14/12/2020
CADRE ÉLECTRIQUE ULISSE ASC DISTRIBUTION PRESA 3 X 2P+E 16A pour CANTIERI 74323;181.39;FALSE;4.51E-02;9.99;FANTON;https://www.manomano.fr/catalogue/p/cadre-electrique-ulisse-asc-distribution-presa-3-x-2p-e-16a-pour-cantieri-74323-6403833;cuadros;14/12/2020
RESI9 - TABLEAU 2 RANGEES + 3 DISJONCTEURS;1074;FALSE;4.00E-02;17.5;schneider;https://www.manomano.fr/catalogue/p/resi9-tableau-2-rangees-3-disjoncteurs-27220076?model_id=27200967;cuadros;14/12/2020
Coffret pré-équipé a vis 3 rangées 40 A - Gewiss;453.37;FALSE;3.81E-02;100;gewiss;https://www.manomano.fr/catalogue/p/coffret-pre-equipe-a-vis-3-rangees-40-a-gewiss-23744310?model_id=23725203;cuadros;14/12/2020
TUBE NEUTRE 22X58 MICHAUD P117;2.33;FALSE;3.59E-02;6.95;michaud;https://www.manomano.fr/catalogue/p/tube-neutre-22x58-michaud-p117-18960029?model_id=18958031;cuadros;14/12/2020
1 LIAISON 16² NOIRE L 1200 MICHAUD J042;16.18;FALSE;3.59E-06;9.99;michaud;https://www.manomano.fr/catalogue/p/1-liaison-16-noire-l-1200-michaud-j042-18959872?model_id=18957874;cuadros;14/12/2020
Coffret de distribution pré-câblé evolutif COFFRET 3 RANGÉES 39 modules ABB HQ215782;279.99;FALSE;3.59E-03;9.99;abb;https://www.manomano.fr/catalogue/p/coffret-de-distribution-pre-cable-evolutif-coffret-3-rangees-39-modules-abb-hq215782-4336320;cuadros;14/12/2020
1 LIAISON 16² BLEUE L 1200 MICHAUD J041;16.18;FALSE;3.59E-02;;michaud;https://www.manomano.fr/catalogue/p/1-liaison-16-bleue-l-1200-michaud-j041-18959871?model_id=18957873;cuadros;14/12/2020
EXTREMITE INTERIEURE EI2TF 25-35 D MICHAUD P420;8.3;FALSE;3.58E-02;9.99;michaud;https://www.manomano.fr/catalogue/p/extremite-interieure-ei2tf-25-35-d-michaud-p420-7673612;cuadros;14/12/2020
Ensemble de 4 barres alu 200mm2 arr-niv 400a MICHAUD Q096;10.43;FALSE;3.58E-02;9.99;michaud;https://www.manomano.fr/catalogue/p/ensemble-de-4-barres-alu-200mm2-arr-niv-400a-michaud-q096-9241833;cuadros;14/12/2020
Point de Raccordement Immeuble (PRI) Abonné Standart 24 FO + K7 MICHAUD N242;416.82;FALSE;3.58E-02;6.99;michaud;https://www.manomano.fr/catalogue/p/pri-abonne-standard-24-fo-k7-michaud-n242-26088618?model_id=26069509;cuadros;14/12/2020
COFFRET LOG T1 AV CHAUF;172.8;FALSE;3.56E-02;;EATON MOELLER;https://www.manomano.fr/catalogue/p/coffret-log-t1-av-chauf-3686841;cuadros;14/12/2020
TAMC3R- XP ( ID63A A+ID 40A AC+63A AC + 10 DISJ );1794.72;FALSE;3.00E-02;;schneider;https://www.manomano.fr/catalogue/p/tamc3r-xp-id63a-a-id-40a-ac-63a-ac-10-disj-27220078?model_id=27200969;cuadros;14/12/2020
TAMC - 2R - XE ( ID 63A TYPE AC+ID 63A TYPE A+7 DISJ);1422.72;FALSE;3.00E-02;100;schneider;https://www.manomano.fr/catalogue/p/tableau-pre-cable-schneider-2-rangees-xe-16470923?model_id=16470911;cuadros;14/12/2020
COFFRET MONTE CABLE 1 RANGEE 63A;996;FALSE;2.00E-02;100;schneider;https://www.manomano.fr/catalogue/p/schneider-coffret-pre-cable-mise-en-securite-1-rangee-r9h113sp01-11554224;cuadros;14/12/2020
RESI 9 - TABLEAU MONTE CABLE 3 RANGEES + 5 DISJONCTEURS;1590;FALSE;2.00E-02;100;schneider;https://www.manomano.fr/catalogue/p/resi-9-tableau-monte-cable-3-rangees-5-disjoncteurs-27220077?model_id=27200968;cuadros;14/12/2020
COFFRET MONTE CABLE 2 RANGEES POUR LOGEMENT DE MOIS DE 35M2;1050;FALSE;2.00E-03;100;schneider;https://www.manomano.fr/catalogue/p/coffret-monte-cable-2-rangees-pour-logement-de-mois-de-35m2-27180874?model_id=27161765;cuadros;14/12/2020
TABLEAU PRE-EQUIPE 2 RANGEES. A VIS. 63A + 4 DISJONCTEURS OFFERTS;1044;FALSE;2.00E-02;100;gewiss;https://www.manomano.fr/catalogue/p/tableau-pre-equipe-2-rangees-a-vis-63a-4-disjoncteurs-offerts-27110209?model_id=27091100;cuadros;14/12/2020
TAMC 2R - XP ( ID 63 A TYPE A + ID 40 A TYPE AC + 7 DISJ );1194.72;FALSE;2.00E-02;100;schneider;https://www.manomano.fr/catalogue/p/tamc-2r-xp-id-63-a-type-a-id-40-a-type-ac-7-disj-27121654?model_id=27102545;cuadros;14/12/2020
TAMC TABLEAU D'EXTENSION - 1R - XP ( ID 63A TYPE A + 7 DISJ );894.72;FALSE;2.00E-02;100;schneider;https://www.manomano.fr/catalogue/p/tableau-pre-cable-schneider-1-rangee-xp-16470922?model_id=16470910;cuadros;14/12/2020
Ensemble de 4 barres alu 80mm2 arr-niv 400a MICHAUD Q093;17.16;FALSE;1.58E-02;100;michaud;https://www.manomano.fr/catalogue/p/ensemble-de-4-barres-alu-80mm2-arr-niv-400a-michaud-q093-9241832;cuadros;14/12/2020
TAMC LOGEMENT DU T1 AU T3 - 2R13M XE;1194;FALSE;1.00E-02;5.99;schneider;https://www.manomano.fr/catalogue/p/tamc-logement-du-t1-au-t3-2r13m-xe-27112273?model_id=27093164;cuadros;14/12/2020
ACCESSOIRE FIXATION COFFRET BRANCHEMENT;371.4;FALSE;1.00E-03;100;CAHORS;https://www.manomano.fr/catalogue/p/accessoire-fixation-coffret-branchement-27107350?model_id=27088241;cuadros;14/12/2020
TABLEAU PRE-EQUIPE 2 RANGEES 40A + 4 DISJONCTEURS OFFERTS;864;FALSE;1.00E-03;100;gewiss;https://www.manomano.fr/catalogue/p/tableau-pre-equipe-2-rangees-40a-4-disjoncteurs-offerts-27110202?model_id=27091093;cuadros;14/12/2020
COFFRET PRE-EQUIPE 3R + 5 DISJONCTEURS;1314;FALSE;1.00E-03;100;gewiss;https://www.manomano.fr/catalogue/p/coffret-pre-equipe-3r-5-disjoncteurs-27110206?model_id=27091097;cuadros;14/12/2020
COFFRET MONTE CABLE 2 RANGEES AVEC INTER DIFF 63A TYPE A;1434;FALSE;9.98E-07;100;schneider;https://www.manomano.fr/catalogue/p/coffret-monte-cable-2-rangees-avec-inter-diff-63a-type-a-27180877?model_id=27161768;cuadros;14/12/2020
TABLEAU PRE-EQUIPE 4 RANGEES. A VIS. 63A;2130;FALSE;9.98E-04;100;gewiss;https://www.manomano.fr/catalogue/p/tableau-pre-equipe-4-rangees-a-vis-63a-27110212?model_id=27091103;cuadros;14/12/2020
TABLEAU PRE-EQUIPE 3 RANGEES. A VIS. 63A + 5 DISJONCTEURS OFFERTS;1572;FALSE;9.97E-04;100;gewiss;https://www.manomano.fr/catalogue/p/tableau-pre-equipe-3-rangees-a-vis-63a-5-disjoncteurs-offerts-27110211?model_id=27091102;cuadros;14/12/2020
COFFRET C400P200 EMBASE TELEREPORT SC;2580;FALSE;-3.40E-09;100;CAHORS;https://www.manomano.fr/catalogue/p/coffret-c400p200-embase-telereport-sc-27103836?model_id=27084727;cuadros;14/12/2020
